Client,Sale_MF,Revenue_MF,Propensity
75.0,1.0,0.004821429,0.9838815025460966
130.0,1.0,0.067142857,0.4571415162405785
168.0,1.0,1.703214286,0.1761050412779466
129.0,1.0,28.29553571,0.1531746413795991
209.0,1.0,0.260714286,0.14782059535446998
36.0,1.0,0.23803571399999998,0.03226369515680114
